{"cameraMode":{"drawMode":0,"name":"Shaded","section":"Shading Mode"},"sceneLighting":true,"audioPlay":false,"sceneViewState":{"m_AlwaysRefresh":false,"showFog":true,"showSkybox":true,"showFlares":true,"showImageEffects":true,"showParticleSystems":true,"showVisualEffectGraphs":true,"m_FxEnabled":true},"in2DMode":false,"pivot":{"x":-0.4768967926502228,"y":1.2450141906738282,"z":5.268402099609375},"rotation":{"x":-0.5671086311340332,"y":0.025191741064190866,"z":-0.017358599230647088,"w":-0.8230820298194885},"size":8.027603149414063,"orthographic":false}